Puzzle Date,Result,Time (s),Words,Covers,Solutions
2025-09-01,PASS,3.0,951,519,277
2025-09-02,PASS,24.3,1106,10737,10739
2025-09-03,FAIL,2.6,916,148,161
2025-09-04,FAIL,0.7,333,0,0
2025-09-05,FAIL,19.1,926,11040,2746
2025-09-06,FAIL,25.4,1252,84,0
2025-09-07,FAIL,1.3,645,198,182
2025-09-08,PASS,7.4,1570,1027,990
2025-09-09,FAIL,7.1,961,966,2382
2025-09-10,FAIL,1.7,901,234,355
2025-09-11,FAIL,15.1,876,6304,11129
2025-09-12,FAIL,5.3,948,2761,737
2025-09-13,TIMEOUT,>90,,,
2025-09-14,FAIL,3.6,811,748,416
2025-09-15,TIMEOUT,>90,,,
2025-09-16,FAIL,9.6,1267,3391,1775
2025-09-17,FAIL,1.6,719,186,370
2025-09-18,PASS,59.8,1446,25278,7347
2025-09-19,FAIL,2.3,826,466,131
2025-09-20,FAIL,0.7,893,23,4
2025-09-21,PASS,2.8,871,1449,429
2025-09-22,FAIL,0.7,718,0,0
2025-09-23,PASS,1.0,742,125,440
2025-09-24,PASS,8.4,1710,2764,1438
2025-09-25,TIMEOUT,>90,,,
2025-09-26,FAIL,2.5,735,889,262
2025-09-27,FAIL,3.5,1146,868,326
2025-09-28,FAIL,11.8,1211,5949,3227
2025-09-29,FAIL,0.9,934,51,35
2025-09-30,TIMEOUT,>90,,,
2025-10-01,FAIL,1.9,955,187,6
2025-10-02,FAIL,18.7,1089,7983,2485
2025-10-03,PASS,69.5,1204,51129,20249
2025-10-04,TIMEOUT,>90,,,
2025-10-05,TIMEOUT,>90,,,
2025-10-06,FAIL,0.9,602,114,70
2025-10-07,FAIL,1.0,531,106,67
2025-10-08,PASS,9.3,682,2181,1443
2025-10-09,TIMEOUT,>90,,,
2025-10-10,FAIL,0.7,938,0,0
2025-10-11,FAIL,39.1,923,21689,3122
2025-10-12,FAIL,85.1,1053,49135,13598
2025-10-13,FAIL,0.8,805,15,20
2025-10-14,FAIL,5.2,945,1767,1221
2025-10-15,PASS,21.7,1667,2608,25
2025-10-16,FAIL,1.4,727,76,111
2025-10-17,FAIL,41.9,1298,14121,10795
2025-10-18,FAIL,25.6,1018,6672,849
2025-10-19,PASS,2.5,1037,266,746
2025-10-20,TIMEOUT,>90,,,
2025-10-21,TIMEOUT,>90,,,
2025-10-22,FAIL,8.7,739,4358,2630
2025-10-23,PASS,0.7,740,23,2
2025-10-24,PASS,5.7,1219,1332,3438
2025-10-25,FAIL,36.6,960,19064,261
2025-10-26,PASS,4.4,778,1259,1058
2025-10-27,PASS,1.0,881,62,84
2025-10-28,TIMEOUT,>90,,,
2025-10-29,FAIL,3.5,1183,922,753
2025-10-30,FAIL,60.0,1454,24406,2704
2025-10-31,PASS,48.5,1100,4598,5148
2025-11-01,FAIL,0.8,996,13,6
2025-11-02,TIMEOUT,>90,,,
2025-11-03,FAIL,22.1,1435,1188,2094
2025-11-04,FAIL,4.5,1146,1730,954
2025-11-05,FAIL,68.6,1413,23043,1824
2025-11-06,FAIL,11.2,1030,5534,2336
2025-11-07,TIMEOUT,>90,,,
2025-11-08,TIMEOUT,>90,,,
2025-11-09,FAIL,2.1,853,365,17
2025-11-10,FAIL,3.2,711,900,112
2025-11-11,PASS,29.9,916,4557,3912
2025-11-12,FAIL,26.7,981,9589,4594
2025-11-13,TIMEOUT,>90,,,
2025-11-14,TIMEOUT,>90,,,
2025-11-15,TIMEOUT,>90,,,
2025-11-16,TIMEOUT,>90,,,
2025-11-17,PASS,1.8,1154,37,59
2025-11-18,FAIL,1.1,636,33,0
2025-11-19,FAIL,1.1,554,76,4
2025-11-20,FAIL,32.9,1303,5340,1812
2025-11-21,TIMEOUT,>90,,,
2025-11-22,FAIL,35.9,2064,6131,10255
2025-11-23,TIMEOUT,>90,,,
2025-11-24,PASS,1.6,1083,319,81
2025-11-25,PASS,1.5,667,174,1113
2025-11-26,TIMEOUT,>90,,,
2025-11-27,PASS,0.7,684,4,4
2025-11-28,FAIL,7.1,1301,545,357
2025-11-29,FAIL,6.3,935,3368,1406
2025-11-30,FAIL,0.9,828,138,200
2025-12-01,FAIL,7.5,869,2698,3795
2025-12-02,FAIL,27.3,1232,11573,9392
2025-12-03,FAIL,1.9,636,1204,295
2025-12-04,FAIL,25.5,1282,6652,166
2025-12-05,FAIL,11.9,1208,2876,4244
2025-12-06,FAIL,2.8,1212,1054,1340
2025-12-07,PASS,1.2,749,114,34
2025-12-08,FAIL,1.4,971,208,357
2025-12-09,FAIL,1.0,577,25,36
2025-12-10,FAIL,26.0,1899,1241,777
2025-12-11,FAIL,4.1,1205,151,64
2025-12-12,FAIL,8.8,1023,5844,1332
2025-12-13,FAIL,1.4,512,370,119
2025-12-14,FAIL,3.7,866,104,173
2025-12-15,FAIL,0.7,1109,0,0
2025-12-16,FAIL,2.7,838,532,480
2025-12-17,FAIL,1.5,1347,0,0
2025-12-18,PASS,36.9,1566,7158,214
2025-12-19,FAIL,1.1,840,78,33
2025-12-20,FAIL,81.6,1204,26756,8771
2025-12-21,FAIL,5.2,754,2376,808
2025-12-22,FAIL,11.6,1075,8522,2756
2025-12-23,FAIL,1.7,552,373,1371
2025-12-24,FAIL,0.7,756,4,20
2025-12-25,TIMEOUT,>90,,,
2025-12-26,FAIL,0.7,678,0,0
2025-12-27,FAIL,1.0,815,110,185
2025-12-28,FAIL,0.8,483,56,144
2025-12-29,FAIL,38.5,1192,26832,4350
2025-12-30,FAIL,8.7,932,2182,477
2025-12-31,FAIL,1.2,915,139,42
